"name","desc","hp","ap","df","sa","sd","sp","type1","type2","weight","height","moves","sprite"
"bulbasaur","A strange seed was planted on its back at birth.The plant sprouts and grows with this POKéMON.","45","49","49","65","65","45","grass","poison","69","7","['swords-dance', 'cut', 'vine-whip', 'tackle', 'body-slam', 'take-down', 'double-edge', 'growl', 'mega-drain', 'leech-seed', 'growth', 'razor-leaf', 'solar-beam', 'poison-powder', 'sleep-powder', 'toxic', 'rage', 'mimic', 'double-team', 'reflect', 'bide', 'rest', 'substitute']","https://raw.githubusercontent.com/PokeAPI/sprites/master/sprites/pokemon/1.png"
"ivysaur","When the bulb on its back grows large, it appearsto lose the ability to stand on its hind legs.","60","62","63","80","80","60","grass","poison","130","10","['swords-dance', 'cut', 'vine-whip', 'tackle', 'body-slam', 'take-down', 'double-edge', 'growl', 'mega-drain', 'leech-seed', 'growth', 'razor-leaf', 'solar-beam', 'poison-powder', 'sleep-powder', 'toxic', 'rage', 'mimic', 'double-team', 'reflect', 'bide', 'rest', 'substitute']","https://raw.githubusercontent.com/PokeAPI/sprites/master/sprites/pokemon/2.png"
"venusaur","The plant blooms when it is absorbing solarenergy. It stays on the move to seek sunlight.","80","82","83","100","100","80","grass","poison","1000","20","['swords-dance', 'cut', 'vine-whip', 'tackle', 'body-slam', 'take-down', 'double-edge', 'growl', 'hyper-beam', 'mega-drain', 'leech-seed', 'growth', 'razor-leaf', 'solar-beam', 'poison-powder', 'sleep-powder', 'toxic', 'rage', 'mimic', 'double-team', 'reflect', 'bide', 'rest', 'substitute']","https://raw.githubusercontent.com/PokeAPI/sprites/master/sprites/pokemon/3.png"
"charmander","Obviously prefers hot places. When it rains, steamis said to spout from the tip of its tail.","39","52","43","60","50","65","fire","None","85","6","['mega-punch', 'scratch', 'swords-dance', 'cut', 'mega-kick', 'body-slam', 'take-down', 'double-edge', 'leer', 'growl', 'ember', 'flamethrower', 'submission', 'counter', 'seismic-toss', 'strength', 'dragon-rage', 'fire-spin', 'dig', 'toxic', 'rage', 'mimic', 'double-team', 'reflect', 'bide', 'fire-blast', 'swift', 'skull-bash', 'rest', 'slash', 'substitute']","https://raw.githubusercontent.com/PokeAPI/sprites/master/sprites/pokemon/4.png"
"charmeleon","When it swings its burning tail, it elevates thetemperature to unbearably high levels.","58","64","58","80","65","80","fire","None","190","11","['mega-punch', 'scratch', 'swords-dance', 'cut', 'mega-kick', 'body-slam', 'take-down', 'double-edge', 'leer', 'growl', 'ember', 'flamethrower', 'submission', 'counter', 'seismic-toss', 'strength', 'dragon-rage', 'fire-spin', 'dig', 'toxic', 'rage', 'mimic', 'double-team', 'reflect', 'bide', 'fire-blast', 'swift', 'skull-bash', 'rest', 'slash', 'substitute']","https://raw.githubusercontent.com/PokeAPI/sprites/master/sprites/pokemon/5.png"
"charizard","Spits fire that is hot enough to melt boulders.Known to cause forest fires unintentionally.","78","84","78","109","85","100","fire","flying","905","17","['mega-punch', 'scratch', 'swords-dance', 'cut', 'mega-kick', 'body-slam', 'take-down', 'double-edge', 'leer', 'growl', 'ember', 'flamethrower', 'hyper-beam', 'submission', 'counter', 'seismic-toss', 'strength', 'dragon-rage', 'fire-spin', 'earthquake', 'fissure', 'dig', 'toxic', 'rage', 'mimic', 'double-team', 'reflect', 'bide', 'fire-blast', 'swift', 'skull-bash', 'rest', 'slash', 'substitute']","https://raw.githubusercontent.com/PokeAPI/sprites/master/sprites/pokemon/6.png"
"squirtle","After birth, its back swells and hardens into ashell. Powerfully sprays foam from its mouth.","44","48","65","50","64","43","water","None","90","5","['mega-punch', 'mega-kick', 'tackle', 'body-slam', 'take-down', 'double-edge', 'tail-whip', 'bite', 'water-gun', 'hydro-pump', 'surf', 'ice-beam', 'blizzard', 'bubble-beam', 'submission', 'counter', 'seismic-toss', 'strength', 'dig', 'toxic', 'rage', 'mimic', 'double-team', 'withdraw', 'reflect', 'bide', 'skull-bash', 'bubble', 'rest', 'substitute']","https://raw.githubusercontent.com/PokeAPI/sprites/master/sprites/pokemon/7.png"
"wartortle","Often hides in water to stalk unwary prey. Forswimming fast, it moves its ears to maintain balance.","59","63","80","65","80","58","water","None","225","10","['mega-punch', 'mega-kick', 'tackle', 'body-slam', 'take-down', 'double-edge', 'tail-whip', 'bite', 'water-gun', 'hydro-pump', 'surf', 'ice-beam', 'blizzard', 'bubble-beam', 'submission', 'counter', 'seismic-toss', 'strength', 'dig', 'toxic', 'rage', 'mimic', 'double-team', 'withdraw', 'reflect', 'bide', 'skull-bash', 'bubble', 'rest', 'substitute']","https://raw.githubusercontent.com/PokeAPI/sprites/master/sprites/pokemon/8.png"
"blastoise","A brutal POKéMON with pressurized water jets on itsshell. They are used for high speed tackles.","79","83","100","85","105","78","water","None","855","16","['mega-punch', 'mega-kick', 'tackle', 'body-slam', 'take-down', 'double-edge', 'tail-whip', 'bite', 'water-gun', 'hydro-pump', 'surf', 'ice-beam', 'blizzard', 'bubble-beam', 'hyper-beam', 'submission', 'counter', 'seismic-toss', 'strength', 'earthquake', 'fissure', 'dig', 'toxic', 'rage', 'mimic', 'double-team', 'withdraw', 'reflect', 'bide', 'skull-bash', 'bubble', 'rest', 'substitute']","https://raw.githubusercontent.com/PokeAPI/sprites/master/sprites/pokemon/9.png"
"caterpie","Its short feet are tipped with suction pads that enable it to tirelessly climb slopes and walls.","45","30","35","20","20","45","bug","None","29","3","['tackle', 'string-shot']","https://raw.githubusercontent.com/PokeAPI/sprites/master/sprites/pokemon/10.png"
"metapod","This POKéMON is vulnerable to attack while itsshell is soft, exposing its weak and tender body.","50","20","55","25","25","30","bug","None","99","7","['harden']","https://raw.githubusercontent.com/PokeAPI/sprites/master/sprites/pokemon/11.png"
"butterfree","In battle, it flaps its wings at high speed torelease highly toxic dust into the air.","60","45","50","90","80","70","bug","flying","320","11","['razor-wind', 'whirlwind', 'take-down', 'double-edge', 'supersonic', 'psybeam', 'hyper-beam', 'mega-drain', 'solar-beam', 'poison-powder', 'stun-spore', 'sleep-powder', 'toxic', 'confusion', 'psychic', 'rage', 'teleport', 'mimic', 'double-team', 'reflect', 'bide', 'swift', 'psywave', 'rest', 'substitute']","https://raw.githubusercontent.com/PokeAPI/sprites/master/sprites/pokemon/12.png"
"weedle","Often found in forests, eating leaves.It has a sharp venomous stinger on its head.","40","35","30","20","20","50","bug","poison","32","3","['poison-sting', 'string-shot']","https://raw.githubusercontent.com/PokeAPI/sprites/master/sprites/pokemon/13.png"
"kakuna","Almost incapable of moving, this POKéMON can onlyharden its shell to protect itself from predators.","45","25","50","25","25","35","bug","poison","100","6","['harden']","https://raw.githubusercontent.com/PokeAPI/sprites/master/sprites/pokemon/14.png"
"beedrill","Flies at high speed and attacks using its largevenomous stingers on its forelegs and tail.","65","90","40","45","80","75","bug","poison","295","10","['swords-dance', 'cut', 'fury-attack', 'take-down', 'double-edge', 'twineedle', 'pin-missile', 'hyper-beam', 'mega-drain', 'toxic', 'agility', 'rage', 'mimic', 'double-team', 'reflect', 'focus-energy', 'bide', 'swift', 'skull-bash', 'rest', 'substitute']","https://raw.githubusercontent.com/PokeAPI/sprites/master/sprites/pokemon/15.png"
"pidgey","A common sight in forests and woods. It flaps itswings at ground level to kick up blinding sand.","40","45","40","35","35","56","normal","flying","18","3","['razor-wind', 'gust', 'wing-attack', 'whirlwind', 'fly', 'sand-attack', 'take-down', 'double-edge', 'toxic', 'agility', 'quick-attack', 'rage', 'mimic', 'double-team', 'reflect', 'bide', 'mirror-move', 'swift', 'sky-attack', 'rest', 'substitute']","https://raw.githubusercontent.com/PokeAPI/sprites/master/sprites/pokemon/16.png"
"pidgeotto","Very protective of its sprawling territorial area,this POKéMON will fiercely peck at any intruder.","63","60","55","50","50","71","normal","flying","300","11","['razor-wind', 'gust', 'wing-attack', 'whirlwind', 'fly', 'sand-attack', 'take-down', 'double-edge', 'toxic', 'agility', 'quick-attack', 'rage', 'mimic', 'double-team', 'reflect', 'bide', 'mirror-move', 'swift', 'sky-attack', 'rest', 'substitute']","https://raw.githubusercontent.com/PokeAPI/sprites/master/sprites/pokemon/17.png"
"pidgeot","When hunting, it skims the surface of water at highspeed to pick off unwary prey such as MAGIKARP.","83","80","75","70","70","101","normal","flying","395","15","['razor-wind', 'gust', 'wing-attack', 'whirlwind', 'fly', 'sand-attack', 'take-down', 'double-edge', 'hyper-beam', 'toxic', 'agility', 'quick-attack', 'rage', 'mimic', 'double-team', 'reflect', 'bide', 'mirror-move', 'swift', 'sky-attack', 'rest', 'substitute']","https://raw.githubusercontent.com/PokeAPI/sprites/master/sprites/pokemon/18.png"
"rattata","Bites anything when it attacks. Small and veryquick, it is a common sight in many places.","30","56","35","25","35","72","normal","None","35","3","['tackle', 'body-slam', 'take-down', 'double-edge', 'tail-whip', 'water-gun', 'blizzard', 'bubble-beam', 'thunderbolt', 'thunder', 'dig', 'toxic', 'quick-attack', 'rage', 'mimic', 'double-team', 'focus-energy', 'bide', 'swift', 'skull-bash', 'rest', 'hyper-fang', 'super-fang', 'substitute']","https://raw.githubusercontent.com/PokeAPI/sprites/master/sprites/pokemon/19.png"
"raticate","It uses its whis­ kers to maintain its balance.It apparently slows down if they are cut off.","55","81","60","50","70","97","normal","None","185","7","['tackle', 'body-slam', 'take-down', 'double-edge', 'tail-whip', 'water-gun', 'ice-beam', 'blizzard', 'bubble-beam', 'hyper-beam', 'thunderbolt', 'thunder', 'dig', 'toxic', 'quick-attack', 'rage', 'mimic', 'double-team', 'focus-energy', 'bide', 'swift', 'skull-bash', 'rest', 'hyper-fang', 'super-fang', 'substitute']","https://raw.githubusercontent.com/PokeAPI/sprites/master/sprites/pokemon/20.png"
"spearow","Eats bugs in grassy areas. It has to flap itsshort wings at high speed to stay airborne.","40","60","30","31","31","70","normal","flying","20","3","['razor-wind', 'whirlwind', 'fly', 'fury-attack', 'take-down', 'double-edge', 'leer', 'growl', 'peck', 'drill-peck', 'toxic', 'agility', 'rage', 'mimic', 'double-team', 'bide', 'mirror-move', 'swift', 'sky-attack', 'rest', 'substitute']","https://raw.githubusercontent.com/PokeAPI/sprites/master/sprites/pokemon/21.png"
"fearow","With its huge and magnificent wings, it can keep aloftwithout ever having to land for rest.","65","90","65","61","61","100","normal","flying","380","12","['razor-wind', 'whirlwind', 'fly', 'fury-attack', 'take-down', 'double-edge', 'leer', 'growl', 'hyper-beam', 'peck', 'drill-peck', 'toxic', 'agility', 'rage', 'mimic', 'double-team', 'bide', 'mirror-move', 'swift', 'sky-attack', 'rest', 'substitute']","https://raw.githubusercontent.com/PokeAPI/sprites/master/sprites/pokemon/22.png"
"ekans","Moves silently and stealthily. Eats the eggs ofbirds, such as PIDGEY and SPEAROW, whole.","35","60","44","40","54","55","poison","None","69","20","['body-slam', 'wrap', 'take-down', 'double-edge', 'poison-sting', 'leer', 'bite', 'acid', 'strength', 'mega-drain', 'earthquake', 'fissure', 'dig', 'toxic', 'rage', 'mimic', 'screech', 'double-team', 'bide', 'skull-bash', 'glare', 'rest', 'rock-slide', 'substitute']","https://raw.githubusercontent.com/PokeAPI/sprites/master/sprites/pokemon/23.png"
"arbok","It is rumored that the ferocious warning markingson its belly differ from area to area.","60","95","69","65","79","80","poison","None","650","35","['body-slam', 'wrap', 'take-down', 'double-edge', 'poison-sting', 'leer', 'bite', 'acid', 'hyper-beam', 'strength', 'mega-drain', 'earthquake', 'fissure', 'dig', 'toxic', 'rage', 'mimic', 'screech', 'double-team', 'bide', 'skull-bash', 'glare', 'rest', 'rock-slide', 'substitute']","https://raw.githubusercontent.com/PokeAPI/sprites/master/sprites/pokemon/24.png"
"pikachu","When several of these POKéMON gather, theirelectricity could build and cause lightning storms.","35","55","40","50","50","90","electric","None","60","4","['mega-punch', 'pay-day', 'mega-kick', 'body-slam', 'take-down', 'double-edge', 'growl', 'surf', 'submission', 'seismic-toss', 'thunder-shock', 'thunderbolt', 'thunder-wave', 'thunder', 'toxic', 'agility', 'quick-attack', 'rage', 'mimic', 'double-team', 'reflect', 'bide', 'swift', 'skull-bash', 'flash', 'rest', 'substitute']","https://raw.githubusercontent.com/PokeAPI/sprites/master/sprites/pokemon/25.png"
"raichu","Its long tail serves as a ground to protectitself from its own high voltage power.","60","90","55","90","80","110","electric","None","300","8","['mega-punch', 'pay-day', 'mega-kick', 'body-slam', 'take-down', 'double-edge', 'growl', 'hyper-beam', 'submission', 'seismic-toss', 'thunder-shock', 'thunderbolt', 'thunder-wave', 'thunder', 'toxic', 'rage', 'mimic', 'double-team', 'reflect', 'bide', 'swift', 'skull-bash', 'flash', 'rest', 'substitute']","https://raw.githubusercontent.com/PokeAPI/sprites/master/sprites/pokemon/26.png"
"sandshrew","Burrows deep underground in arid locationsfar from water. It only emerges to hunt for food.","50","75","85","20","30","40","ground","None","120","6","['scratch', 'swords-dance', 'cut', 'sand-attack', 'body-slam', 'take-down', 'double-edge', 'poison-sting', 'submission', 'seismic-toss', 'strength', 'earthquake', 'fissure', 'dig', 'toxic', 'rage', 'mimic', 'double-team', 'bide', 'swift', 'skull-bash', 'fury-swipes', 'rest', 'rock-slide', 'slash', 'substitute']","https://raw.githubusercontent.com/PokeAPI/sprites/master/sprites/pokemon/27.png"
"sandslash","Curls up into a spiny ball when threatened. Itcan roll while curled up to attack or escape.","75","100","110","45","55","65","ground","None","295","10","['scratch', 'swords-dance', 'cut', 'sand-attack', 'body-slam', 'take-down', 'double-edge', 'poison-sting', 'hyper-beam', 'submission', 'seismic-toss', 'strength', 'earthquake', 'fissure', 'dig', 'toxic', 'rage', 'mimic', 'double-team', 'bide', 'swift', 'skull-bash', 'fury-swipes', 'rest', 'rock-slide', 'slash', 'substitute']","https://raw.githubusercontent.com/PokeAPI/sprites/master/sprites/pokemon/28.png"
"nidoran-f","Although small, its venomous barbs render thisPOKéMON dangerous. The female has smaller horns.","55","47","52","40","40","41","poison","None","70","4","['scratch', 'double-kick', 'tackle', 'body-slam', 'take-down', 'double-edge', 'tail-whip', 'poison-sting', 'bite', 'growl', 'blizzard', 'thunderbolt', 'thunder', 'toxic', 'rage', 'mimic', 'double-team', 'reflect', 'bide', 'skull-bash', 'fury-swipes', 'rest', 'substitute']","https://raw.githubusercontent.com/PokeAPI/sprites/master/sprites/pokemon/29.png"
"nidorina","The female's horn develops slowly. Prefers physicalattacks such as clawing and biting.","70","62","67","55","55","56","poison","None","200","8","['scratch', 'double-kick', 'horn-drill', 'tackle', 'body-slam', 'take-down', 'double-edge', 'tail-whip', 'poison-sting', 'bite', 'growl', 'water-gun', 'ice-beam', 'blizzard', 'bubble-beam', 'thunderbolt', 'thunder', 'toxic', 'rage', 'mimic', 'double-team', 'reflect', 'bide', 'skull-bash', 'fury-swipes', 'rest', 'substitute']","https://raw.githubusercontent.com/PokeAPI/sprites/master/sprites/pokemon/30.png"
"nidoqueen","Its hard scales provide strong protection. Ituses its hefty bulk to execute powerful moves.","90","92","87","75","85","76","poison","ground","600","13","['mega-punch', 'pay-day', 'scratch', 'mega-kick', 'horn-drill', 'tackle', 'body-slam', 'take-down', 'double-edge', 'tail-whip', 'poison-sting', 'water-gun', 'surf', 'ice-beam', 'blizzard', 'bubble-beam', 'hyper-beam', 'submission', 'counter', 'seismic-toss', 'strength', 'thunderbolt', 'thunder', 'earthquake', 'fissure', 'toxic', 'rage', 'mimic', 'double-team', 'reflect', 'bide', 'fire-blast', 'skull-bash', 'rest', 'rock-slide', 'substitute']","https://raw.githubusercontent.com/PokeAPI/sprites/master/sprites/pokemon/31.png"
"nidoran-m","Stiffens its ears to sense danger. The larger itshorns, the more powerful its secreted venom.","46","57","40","40","40","50","poison","None","90","5","['double-kick', 'horn-attack', 'fury-attack', 'horn-drill', 'tackle', 'body-slam', 'take-down', 'double-edge', 'poison-sting', 'leer', 'blizzard', 'thunderbolt', 'thunder', 'toxic', 'rage', 'mimic', 'double-team', 'reflect', 'focus-energy', 'bide', 'skull-bash', 'rest', 'substitute']","https://raw.githubusercontent.com/PokeAPI/sprites/master/sprites/pokemon/32.png"
"nidorino","신경질적이고 호전적이다. 체내의 아드레날린이 증가하면 독소의 농도도 높아진다.","61","72","57","55","55","65","poison","None","195","9","['double-kick', 'horn-attack', 'fury-attack', 'horn-drill', 'tackle', 'body-slam', 'take-down', 'double-edge', 'poison-sting', 'leer', 'water-gun', 'ice-beam', 'blizzard', 'bubble-beam', 'thunderbolt', 'thunder', 'toxic', 'rage', 'mimic', 'double-team', 'reflect', 'focus-energy', 'bide', 'skull-bash', 'rest', 'substitute']","https://raw.githubusercontent.com/PokeAPI/sprites/master/sprites/pokemon/33.png"
"nidoking","It uses its powerful tail in battle to smash,constrict, then break the prey's bones.","81","102","77","85","75","85","poison","ground","620","14","['mega-punch', 'pay-day', 'mega-kick', 'horn-attack', 'horn-drill', 'tackle', 'body-slam', 'take-down', 'thrash', 'double-edge', 'poison-sting', 'water-gun', 'surf', 'ice-beam', 'blizzard', 'bubble-beam', 'hyper-beam', 'submission', 'counter', 'seismic-toss', 'strength', 'thunderbolt', 'thunder', 'earthquake', 'fissure', 'toxic', 'rage', 'mimic', 'double-team', 'reflect', 'bide', 'fire-blast', 'skull-bash', 'rest', 'rock-slide', 'substitute']","https://raw.githubusercontent.com/PokeAPI/sprites/master/sprites/pokemon/34.png"
"clefairy","Its magical and cute appeal has many admirers.It is rare and found only in certain areas.","70","45","48","60","65","35","fairy","None","75","6","['pound', 'double-slap', 'mega-punch', 'mega-kick', 'body-slam', 'take-down', 'double-edge', 'growl', 'sing', 'water-gun', 'ice-beam', 'blizzard', 'bubble-beam', 'submission', 'counter', 'seismic-toss', 'strength', 'solar-beam', 'thunderbolt', 'thunder-wave', 'thunder', 'toxic', 'psychic', 'rage', 'teleport', 'mimic', 'double-team', 'minimize', 'defense-curl', 'light-screen', 'reflect', 'bide', 'metronome', 'fire-blast', 'skull-bash', 'flash', 'psywave', 'rest', 'tri-attack', 'substitute']","https://raw.githubusercontent.com/PokeAPI/sprites/master/sprites/pokemon/35.png"
"clefable","A timid fairy POKéMON that is rarely seen. Itwill run and hide the moment it senses people.","95","70","73","95","90","60","fairy","None","400","13","['double-slap', 'mega-punch', 'mega-kick', 'body-slam', 'take-down', 'double-edge', 'sing', 'water-gun', 'ice-beam', 'blizzard', 'bubble-beam', 'hyper-beam', 'submission', 'counter', 'seismic-toss', 'strength', 'solar-beam', 'thunderbolt', 'thunder-wave', 'thunder', 'toxic', 'psychic', 'rage', 'teleport', 'mimic', 'double-team', 'minimize', 'reflect', 'bide', 'metronome', 'fire-blast', 'skull-bash', 'flash', 'psywave', 'rest', 'tri-attack', 'substitute']","https://raw.githubusercontent.com/PokeAPI/sprites/master/sprites/pokemon/36.png"
"vulpix","At the time of birth, it has just one tail.The tail splits from its tip as it grows older.","38","41","40","50","65","65","fire","None","99","6","['body-slam', 'take-down', 'double-edge', 'tail-whip', 'roar', 'ember', 'flamethrower', 'fire-spin', 'dig', 'toxic', 'quick-attack', 'rage', 'mimic', 'double-team', 'confuse-ray', 'reflect', 'bide', 'fire-blast', 'swift', 'skull-bash', 'rest', 'substitute']","https://raw.githubusercontent.com/PokeAPI/sprites/master/sprites/pokemon/37.png"
"ninetales","Very smart and very vengeful. Grabbing one ofits many tails could result in a 1000-year curse.","73","76","75","81","100","100","fire","None","199","11","['body-slam', 'take-down', 'double-edge', 'tail-whip', 'roar', 'ember', 'hyper-beam', 'dig', 'toxic', 'quick-attack', 'rage', 'mimic', 'double-team', 'reflect', 'bide', 'fire-blast', 'swift', 'skull-bash', 'rest', 'substitute']","https://raw.githubusercontent.com/PokeAPI/sprites/master/sprites/pokemon/38.png"
"jigglypuff","When its huge eyes light up, it sings a mysteriouslysoothing melody that lulls its enemies to sleep.","115","45","20","45","25","20","normal","fairy","55","5","['pound', 'double-slap', 'mega-punch', 'mega-kick', 'body-slam', 'take-down', 'double-edge', 'sing', 'disable', 'water-gun', 'ice-beam', 'blizzard', 'bubble-beam', 'submission', 'counter', 'seismic-toss', 'strength', 'solar-beam', 'thunderbolt', 'thunder-wave', 'thunder', 'toxic', 'psychic', 'rage', 'teleport', 'mimic', 'double-team', 'defense-curl', 'reflect', 'bide', 'fire-blast', 'skull-bash', 'flash', 'psywave', 'rest', 'tri-attack', 'substitute']","https://raw.githubusercontent.com/PokeAPI/sprites/master/sprites/pokemon/39.png"
"wigglytuff","The body is soft and rubbery. When angered, it willsuck in air and inflate itself to an enormous size.","140","70","45","85","50","45","normal","fairy","120","10","['double-slap', 'mega-punch', 'mega-kick', 'body-slam', 'take-down', 'double-edge', 'sing', 'disable', 'water-gun', 'ice-beam', 'blizzard', 'bubble-beam', 'hyper-beam', 'submission', 'counter', 'seismic-toss', 'strength', 'solar-beam', 'thunderbolt', 'thunder-wave', 'thunder', 'toxic', 'psychic', 'rage', 'teleport', 'mimic', 'double-team', 'defense-curl', 'reflect', 'bide', 'fire-blast', 'skull-bash', 'flash', 'psywave', 'rest', 'tri-attack', 'substitute']","https://raw.githubusercontent.com/PokeAPI/sprites/master/sprites/pokemon/40.png"
"zubat","Dépourvu d’yeux, il se repère dans l’espace grâce aux ultrasons qu’il émet avec sa bouche.","40","45","35","30","40","55","poison","flying","75","8","['razor-wind', 'wing-attack', 'whirlwind', 'take-down', 'double-edge', 'bite', 'supersonic', 'mega-drain', 'toxic', 'rage', 'mimic', 'double-team', 'confuse-ray', 'haze', 'bide', 'swift', 'leech-life', 'rest', 'substitute']","https://raw.githubusercontent.com/PokeAPI/sprites/master/sprites/pokemon/41.png"
"golbat","Once it strikes, it will not stop draining energyfrom the victim even if it gets too heavy to fly.","75","80","70","65","75","90","poison","flying","550","16","['razor-wind', 'wing-attack', 'whirlwind', 'take-down', 'double-edge', 'bite', 'supersonic', 'hyper-beam', 'mega-drain', 'toxic', 'rage', 'mimic', 'screech', 'double-team', 'confuse-ray', 'haze', 'bide', 'swift', 'leech-life', 'rest', 'substitute']","https://raw.githubusercontent.com/PokeAPI/sprites/master/sprites/pokemon/42.png"
"oddish","During the day, it keeps its face buried in theground. At night, it wanders around sowing its seeds.","45","50","55","75","65","30","grass","poison","54","5","['swords-dance', 'cut', 'take-down', 'double-edge', 'acid', 'absorb', 'mega-drain', 'solar-beam', 'poison-powder', 'stun-spore', 'sleep-powder', 'petal-dance', 'toxic', 'rage', 'mimic', 'double-team', 'reflect', 'bide', 'rest', 'substitute']","https://raw.githubusercontent.com/PokeAPI/sprites/master/sprites/pokemon/43.png"
"gloom","The fluid that oozes from its mouth isn't drool.It is a nectar that is used to attract prey.","60","65","70","85","75","40","grass","poison","86","8","['swords-dance', 'cut', 'take-down', 'double-edge', 'acid', 'absorb', 'mega-drain', 'solar-beam', 'poison-powder', 'stun-spore', 'sleep-powder', 'petal-dance', 'toxic', 'rage', 'mimic', 'double-team', 'reflect', 'bide', 'rest', 'substitute']","https://raw.githubusercontent.com/PokeAPI/sprites/master/sprites/pokemon/44.png"
"vileplume","世界一　大きな　花びらは 歩くたびに　揺れて　大量の 毒花粉を　ばらまいてしまう。","75","80","85","110","90","50","grass","poison","186","12","['swords-dance', 'cut', 'body-slam', 'take-down', 'double-edge', 'acid', 'hyper-beam', 'mega-drain', 'solar-beam', 'poison-powder', 'stun-spore', 'sleep-powder', 'petal-dance', 'toxic', 'rage', 'mimic', 'double-team', 'reflect', 'bide', 'rest', 'substitute']","https://raw.githubusercontent.com/PokeAPI/sprites/master/sprites/pokemon/45.png"
"paras","Burrows to suck tree roots. The mushrooms on itsback grow by draw­ ing nutrients from the bug host.","35","70","55","45","55","25","bug","grass","54","3","['scratch', 'swords-dance', 'cut', 'body-slam', 'take-down', 'double-edge', 'mega-drain', 'growth', 'solar-beam', 'stun-spore', 'dig', 'toxic', 'rage', 'mimic', 'double-team', 'reflect', 'bide', 'skull-bash', 'leech-life', 'spore', 'rest', 'slash', 'substitute']","https://raw.githubusercontent.com/PokeAPI/sprites/master/sprites/pokemon/46.png"
"parasect","A host-parasite pair in which the parasite mushroomhas taken over the host bug. Prefers damp places.","60","95","80","60","80","30","bug","grass","295","10","['scratch', 'swords-dance', 'cut', 'body-slam', 'take-down', 'double-edge', 'hyper-beam', 'mega-drain', 'growth', 'solar-beam', 'stun-spore', 'dig', 'toxic', 'rage', 'mimic', 'double-team', 'reflect', 'bide', 'skull-bash', 'leech-life', 'spore', 'rest', 'slash', 'substitute']","https://raw.githubusercontent.com/PokeAPI/sprites/master/sprites/pokemon/47.png"
"venonat","Lives in the shadows of tall trees where iteats insects. It is attracted by light at night.","60","55","50","40","55","45","bug","poison","300","10","['tackle', 'take-down', 'double-edge', 'disable', 'psybeam', 'mega-drain', 'solar-beam', 'poison-powder', 'stun-spore', 'sleep-powder', 'toxic', 'psychic', 'rage', 'mimic', 'double-team', 'reflect', 'bide', 'leech-life', 'psywave', 'rest', 'substitute']","https://raw.githubusercontent.com/PokeAPI/sprites/master/sprites/pokemon/48.png"
"venomoth","The dust-like scales covering its wings arecolor coded to indicate the kinds of poison it has.","70","65","60","90","75","90","bug","poison","125","15","['razor-wind', 'whirlwind', 'tackle', 'take-down', 'double-edge', 'disable', 'psybeam', 'hyper-beam', 'mega-drain', 'solar-beam', 'poison-powder', 'stun-spore', 'sleep-powder', 'toxic', 'psychic', 'rage', 'teleport', 'mimic', 'double-team', 'reflect', 'bide', 'swift', 'leech-life', 'psywave', 'rest', 'substitute']","https://raw.githubusercontent.com/PokeAPI/sprites/master/sprites/pokemon/49.png"
"diglett","Lives about one yard underground where it feeds onplant roots. It sometimes appears above ground.","10","55","25","35","45","95","ground","None","8","2","['scratch', 'sand-attack', 'body-slam', 'take-down', 'double-edge', 'growl', 'earthquake', 'fissure', 'dig', 'toxic', 'rage', 'mimic', 'double-team', 'bide', 'rest', 'rock-slide', 'slash', 'substitute']","https://raw.githubusercontent.com/PokeAPI/sprites/master/sprites/pokemon/50.png"
"dugtrio","A team of DIGLETT triplets. It triggers hugeearthquakes by burrowing 60 miles underground.","35","100","50","50","70","120","ground","None","333","7","['scratch', 'sand-attack', 'body-slam', 'take-down', 'double-edge', 'growl', 'hyper-beam', 'earthquake', 'fissure', 'dig', 'toxic', 'rage', 'mimic', 'double-team', 'bide', 'rest', 'rock-slide', 'slash', 'substitute']","https://raw.githubusercontent.com/PokeAPI/sprites/master/sprites/pokemon/51.png"
"meowth","Adores circular objects. Wanders the streets on anightly basis to look for dropped loose change.","40","45","35","40","40","90","normal","None","42","4","['pay-day', 'scratch', 'body-slam', 'take-down', 'double-edge', 'bite', 'growl', 'water-gun', 'bubble-beam', 'thunderbolt', 'thunder', 'toxic', 'rage', 'mimic', 'screech', 'double-team', 'bide', 'swift', 'skull-bash', 'fury-swipes', 'rest', 'slash', 'substitute']","https://raw.githubusercontent.com/PokeAPI/sprites/master/sprites/pokemon/52.png"
"persian","Although its fur has many admirers, it is tough toraise as a pet because of its fickle meanness.","65","70","60","65","65","115","normal","None","320","10","['pay-day', 'scratch', 'body-slam', 'take-down', 'double-edge', 'bite', 'growl', 'water-gun', 'bubble-beam', 'hyper-beam', 'thunderbolt', 'thunder', 'toxic', 'rage', 'mimic', 'screech', 'double-team', 'bide', 'swift', 'skull-bash', 'fury-swipes', 'rest', 'slash', 'substitute']","https://raw.githubusercontent.com/PokeAPI/sprites/master/sprites/pokemon/53.png"
"psyduck","While lulling its enemies with its vacant look, thiswily POKéMON will use psychokinetic powers.","50","52","48","65","50","55","water","None","196","8","['mega-punch', 'pay-day', 'scratch', 'mega-kick', 'body-slam', 'take-down', 'double-edge', 'tail-whip', 'disable', 'water-gun', 'hydro-pump', 'surf', 'ice-beam', 'blizzard', 'bubble-beam', 'submission', 'counter', 'seismic-toss', 'strength', 'dig', 'toxic', 'confusion', 'rage', 'mimic', 'double-team', 'bide', 'swift', 'skull-bash', 'fury-swipes', 'rest', 'substitute']","https://raw.githubusercontent.com/PokeAPI/sprites/master/sprites/pokemon/54.png"
"golduck","Often seen swim­ ming elegantly by lake shores. Itis often mistaken for the Japanese monster, Kappa.","80","82","78","95","80","85","water","None","766","17","['mega-punch', 'pay-day', 'scratch', 'mega-kick', 'body-slam', 'take-down', 'double-edge', 'tail-whip', 'disable', 'water-gun', 'hydro-pump', 'surf', 'ice-beam', 'blizzard', 'bubble-beam', 'hyper-beam', 'submission', 'counter', 'seismic-toss', 'strength', 'dig', 'toxic', 'confusion', 'rage', 'mimic', 'double-team', 'bide', 'swift', 'skull-bash', 'fury-swipes', 'rest', 'substitute']","https://raw.githubusercontent.com/PokeAPI/sprites/master/sprites/pokemon/55.png"
"mankey","Extremely quick to anger. It could be docile onemoment then thrashing away the next instant.","40","80","35","35","45","70","fighting","None","280","5","['karate-chop', 'mega-punch', 'pay-day', 'scratch', 'mega-kick', 'body-slam', 'take-down', 'thrash', 'double-edge', 'leer', 'submission', 'counter', 'seismic-toss', 'strength', 'thunderbolt', 'thunder', 'dig', 'toxic', 'rage', 'mimic', 'double-team', 'focus-energy', 'bide', 'metronome', 'swift', 'skull-bash', 'fury-swipes', 'rest', 'rock-slide', 'substitute']","https://raw.githubusercontent.com/PokeAPI/sprites/master/sprites/pokemon/56.png"
"primeape","Always furious and tenacious to boot. It will notabandon chasing its quarry until it is caught.","65","105","60","60","70","95","fighting","None","320","10","['karate-chop', 'mega-punch', 'pay-day', 'scratch', 'mega-kick', 'body-slam', 'take-down', 'thrash', 'double-edge', 'leer', 'hyper-beam', 'submission', 'counter', 'seismic-toss', 'strength', 'thunderbolt', 'thunder', 'dig', 'toxic', 'rage', 'mimic', 'double-team', 'focus-energy', 'bide', 'metronome', 'swift', 'skull-bash', 'fury-swipes', 'rest', 'rock-slide', 'substitute']","https://raw.githubusercontent.com/PokeAPI/sprites/master/sprites/pokemon/57.png"
"growlithe","Very protective of its territory. It will bark andbite to repel intruders from its space.","55","70","45","70","50","60","fire","None","190","7","['body-slam', 'take-down', 'double-edge', 'leer', 'bite', 'roar', 'ember', 'flamethrower', 'dragon-rage', 'dig', 'toxic', 'agility', 'rage', 'mimic', 'double-team', 'reflect', 'bide', 'fire-blast', 'swift', 'skull-bash', 'rest', 'substitute']","https://raw.githubusercontent.com/PokeAPI/sprites/master/sprites/pokemon/58.png"
"arcanine","A POKéMON that has been admired since the pastfor its beauty. It runs agilely as if on wings.","90","110","80","100","80","95","fire","None","1550","19","['body-slam', 'take-down', 'double-edge', 'leer', 'roar', 'ember', 'hyper-beam', 'dragon-rage', 'dig', 'toxic', 'rage', 'teleport', 'mimic', 'double-team', 'reflect', 'bide', 'fire-blast', 'swift', 'skull-bash', 'rest', 'substitute']","https://raw.githubusercontent.com/PokeAPI/sprites/master/sprites/pokemon/59.png"
"poliwag","Its newly grown legs prevent it from running. Itappears to prefer swimming than trying to stand.","40","50","40","40","40","90","water","None","124","6","['double-slap', 'body-slam', 'take-down', 'double-edge', 'water-gun', 'hydro-pump', 'surf', 'ice-beam', 'blizzard', 'bubble-beam', 'toxic', 'psychic', 'hypnosis', 'rage', 'mimic', 'double-team', 'bide', 'skull-bash', 'amnesia', 'bubble', 'psywave', 'rest', 'substitute']","https://raw.githubusercontent.com/PokeAPI/sprites/master/sprites/pokemon/60.png"
"poliwhirl","Capable of living in or out of water. When outof water, it sweats to keep its body slimy.","65","65","65","50","50","90","water","None","200","10","['double-slap', 'mega-punch', 'mega-kick', 'body-slam', 'take-down', 'double-edge', 'water-gun', 'hydro-pump', 'surf', 'ice-beam', 'blizzard', 'bubble-beam', 'submission', 'counter', 'seismic-toss', 'strength', 'earthquake', 'fissure', 'toxic', 'psychic', 'hypnosis', 'rage', 'mimic', 'double-team', 'bide', 'metronome', 'skull-bash', 'amnesia', 'bubble', 'psywave', 'rest', 'substitute']","https://raw.githubusercontent.com/PokeAPI/sprites/master/sprites/pokemon/61.png"
"poliwrath","An adept swimmer at both the front crawl and breaststroke. Easily overtakes the best human swimmers.","90","95","95","70","90","70","water","fighting","540","13","['double-slap', 'mega-punch', 'mega-kick', 'body-slam', 'take-down', 'double-edge', 'water-gun', 'surf', 'ice-beam', 'blizzard', 'bubble-beam', 'hyper-beam', 'submission', 'counter', 'seismic-toss', 'strength', 'earthquake', 'fissure', 'toxic', 'psychic', 'hypnosis', 'rage', 'mimic', 'double-team', 'bide', 'metronome', 'skull-bash', 'psywave', 'rest', 'substitute']","https://raw.githubusercontent.com/PokeAPI/sprites/master/sprites/pokemon/62.png"
"abra","Using its ability to read minds, it will identifyimpending danger and TELEPORT to safety.","25","20","15","105","55","90","psychic","None","195","9","['mega-punch', 'mega-kick', 'body-slam', 'take-down', 'double-edge', 'submission', 'counter', 'seismic-toss', 'thunder-wave', 'toxic', 'psychic', 'rage', 'teleport', 'mimic', 'double-team', 'reflect', 'bide', 'metronome', 'skull-bash', 'flash', 'psywave', 'rest', 'tri-attack', 'substitute']","https://raw.githubusercontent.com/PokeAPI/sprites/master/sprites/pokemon/63.png"
"kadabra","It emits special alpha waves from its body thatinduce headaches just by being close by.","40","35","30","120","70","105","psychic","None","565","13","['mega-punch', 'mega-kick', 'body-slam', 'take-down', 'double-edge', 'disable', 'psybeam', 'submission', 'counter', 'seismic-toss', 'thunder-wave', 'dig', 'toxic', 'confusion', 'psychic', 'rage', 'teleport', 'mimic', 'double-team', 'recover', 'reflect', 'bide', 'metronome', 'skull-bash', 'flash', 'psywave', 'rest', 'tri-attack', 'substitute']","https://raw.githubusercontent.com/PokeAPI/sprites/master/sprites/pokemon/64.png"
"alakazam","Its brain can out­ perform a super­ computer.Its intelligence quotient is said to be 5,000.","55","50","45","135","95","120","psychic","None","480","15","['mega-punch', 'mega-kick', 'body-slam', 'take-down', 'double-edge', 'disable', 'psybeam', 'hyper-beam', 'submission', 'counter', 'seismic-toss', 'thunder-wave', 'dig', 'toxic', 'confusion', 'psychic', 'rage', 'teleport', 'mimic', 'double-team', 'recover', 'reflect', 'bide', 'metronome', 'skull-bash', 'flash', 'psywave', 'rest', 'tri-attack', 'substitute']","https://raw.githubusercontent.com/PokeAPI/sprites/master/sprites/pokemon/65.png"
"machop","Loves to build its muscles. It trains in allstyles of martial arts to become even stronger.","70","80","50","35","35","35","fighting","None","195","8","['karate-chop', 'mega-punch', 'mega-kick', 'body-slam', 'take-down', 'double-edge', 'leer', 'submission', 'low-kick', 'counter', 'seismic-toss', 'strength', 'earthquake', 'fissure', 'dig', 'toxic', 'rage', 'mimic', 'double-team', 'focus-energy', 'bide', 'metronome', 'fire-blast', 'skull-bash', 'rest', 'rock-slide', 'substitute']","https://raw.githubusercontent.com/PokeAPI/sprites/master/sprites/pokemon/66.png"
"machoke","Its muscular body is so powerful, it must wear a powersave belt to be able to regulate its motions.","80","100","70","50","60","45","fighting","None","705","15","['karate-chop', 'mega-punch', 'mega-kick', 'body-slam', 'take-down', 'double-edge', 'leer', 'submission', 'low-kick', 'counter', 'seismic-toss', 'strength', 'earthquake', 'fissure', 'dig', 'toxic', 'rage', 'mimic', 'double-team', 'focus-energy', 'bide', 'metronome', 'fire-blast', 'skull-bash', 'rest', 'rock-slide', 'substitute']","https://raw.githubusercontent.com/PokeAPI/sprites/master/sprites/pokemon/67.png"
"machamp","Using its heavy muscles, it throws powerful punchesthat can send the victim clear over the horizon.","90","130","80","65","85","55","fighting","None","1300","16","['karate-chop', 'mega-punch', 'mega-kick', 'body-slam', 'take-down', 'double-edge', 'leer', 'hyper-beam', 'submission', 'low-kick', 'counter', 'seismic-toss', 'strength', 'earthquake', 'fissure', 'dig', 'toxic', 'rage', 'mimic', 'double-team', 'focus-energy', 'bide', 'metronome', 'fire-blast', 'skull-bash', 'rest', 'rock-slide', 'substitute']","https://raw.githubusercontent.com/PokeAPI/sprites/master/sprites/pokemon/68.png"
"bellsprout","A carnivorous POKéMON that traps and eats bugs.It uses its root feet to soak up needed moisture.","50","75","35","70","30","40","grass","poison","40","7","['swords-dance', 'cut', 'slam', 'vine-whip', 'wrap', 'take-down', 'double-edge', 'acid', 'mega-drain', 'growth', 'razor-leaf', 'solar-beam', 'poison-powder', 'stun-spore', 'sleep-powder', 'toxic', 'rage', 'mimic', 'double-team', 'reflect', 'bide', 'rest', 'substitute']","https://raw.githubusercontent.com/PokeAPI/sprites/master/sprites/pokemon/69.png"
"weepinbell","It spits out POISONPOWDER to immobilize theenemy and then finishes it with a spray of ACID.","65","90","50","85","45","55","grass","poison","64","10","['swords-dance', 'cut', 'slam', 'vine-whip', 'wrap', 'take-down', 'double-edge', 'acid', 'mega-drain', 'growth', 'razor-leaf', 'solar-beam', 'poison-powder', 'stun-spore', 'sleep-powder', 'toxic', 'rage', 'mimic', 'double-team', 'reflect', 'bide', 'rest', 'substitute']","https://raw.githubusercontent.com/PokeAPI/sprites/master/sprites/pokemon/70.png"
"victreebel","Dicen que vive en grandes colonias en el interior de las junglas, aunque nadie ha podido verificarlo.","80","105","65","100","70","70","grass","poison","155","17","['swords-dance', 'cut', 'body-slam', 'wrap', 'take-down', 'double-edge', 'acid', 'hyper-beam', 'mega-drain', 'razor-leaf', 'solar-beam', 'poison-powder', 'stun-spore', 'sleep-powder', 'toxic', 'rage', 'mimic', 'double-team', 'reflect', 'bide', 'rest', 'substitute']","https://raw.githubusercontent.com/PokeAPI/sprites/master/sprites/pokemon/71.png"
"tentacool","Drifts in shallow seas. Anglers who hook them byaccident are often punished by its stinging acid.","40","40","35","50","100","70","water","poison","455","9","['swords-dance', 'cut', 'wrap', 'take-down', 'double-edge', 'poison-sting', 'supersonic', 'acid', 'water-gun', 'hydro-pump', 'surf', 'ice-beam', 'blizzard', 'bubble-beam', 'mega-drain', 'toxic', 'rage', 'mimic', 'screech', 'double-team', 'barrier', 'reflect', 'bide', 'skull-bash', 'constrict', 'rest', 'substitute']","https://raw.githubusercontent.com/PokeAPI/sprites/master/sprites/pokemon/72.png"
"tentacruel","The tentacles are normally kept short. On hunts,they are extended to ensnare and immobilize prey.","80","70","65","80","120","100","water","poison","550","16","['swords-dance', 'cut', 'wrap', 'take-down', 'double-edge', 'poison-sting', 'supersonic', 'acid', 'water-gun', 'hydro-pump', 'surf', 'ice-beam', 'blizzard', 'bubble-beam', 'hyper-beam', 'mega-drain', 'toxic', 'rage', 'mimic', 'screech', 'double-team', 'barrier', 'reflect', 'bide', 'skull-bash', 'constrict', 'rest', 'substitute']","https://raw.githubusercontent.com/PokeAPI/sprites/master/sprites/pokemon/73.png"
"geodude","Found in fields and mountains. Mistaking themfor boulders, people often step or trip on them.","40","80","100","30","30","20","rock","ground","200","4","['mega-punch', 'tackle', 'body-slam', 'take-down', 'double-edge', 'submission', 'counter', 'seismic-toss', 'strength', 'rock-throw', 'earthquake', 'fissure', 'dig', 'toxic', 'rage', 'mimic', 'double-team', 'harden', 'defense-curl', 'bide', 'metronome', 'self-destruct', 'fire-blast', 'explosion', 'rest', 'rock-slide', 'substitute']","https://raw.githubusercontent.com/PokeAPI/sprites/master/sprites/pokemon/74.png"
"graveler","Rolls down slopes to move. It rolls over any obstaclewithout slowing or changing its direction.","55","95","115","45","45","35","rock","ground","1050","10","['mega-punch', 'tackle', 'body-slam', 'take-down', 'double-edge', 'submission', 'counter', 'seismic-toss', 'strength', 'rock-throw', 'earthquake', 'fissure', 'dig', 'toxic', 'rage', 'mimic', 'double-team', 'harden', 'defense-curl', 'bide', 'metronome', 'self-destruct', 'fire-blast', 'explosion', 'rest', 'rock-slide', 'substitute']","https://raw.githubusercontent.com/PokeAPI/sprites/master/sprites/pokemon/75.png"
"golem","Its boulder-like body is extremely hard. It caneasily withstand dynamite blasts without damage.","80","120","130","55","65","45","rock","ground","3000","14","['mega-punch', 'mega-kick', 'tackle', 'body-slam', 'take-down', 'double-edge', 'hyper-beam', 'submission', 'counter', 'seismic-toss', 'strength', 'rock-throw', 'earthquake', 'fissure', 'dig', 'toxic', 'rage', 'mimic', 'double-team', 'harden', 'defense-curl', 'bide', 'metronome', 'self-destruct', 'fire-blast', 'explosion', 'rest', 'rock-slide', 'substitute']","https://raw.githubusercontent.com/PokeAPI/sprites/master/sprites/pokemon/76.png"
"ponyta","Its hooves are 10 times harder than diamonds. It cantrample anything completely flat in little time.","50","85","55","65","65","90","fire","None","300","10","['stomp', 'horn-drill', 'body-slam', 'take-down', 'double-edge', 'tail-whip', 'growl', 'ember', 'fire-spin', 'toxic', 'agility', 'rage', 'mimic', 'double-team', 'reflect', 'bide', 'fire-blast', 'swift', 'skull-bash', 'rest', 'substitute']","https://raw.githubusercontent.com/PokeAPI/sprites/master/sprites/pokemon/77.png"
"rapidash","Very competitive, this POKéMON will chase anythingthat moves fast in the hopes of racing it.","65","100","70","80","80","105","fire","None","950","17","['stomp', 'horn-drill', 'body-slam', 'take-down', 'double-edge', 'tail-whip', 'growl', 'ember', 'hyper-beam', 'fire-spin', 'toxic', 'agility', 'rage', 'mimic', 'double-team', 'reflect', 'bide', 'fire-blast', 'swift', 'skull-bash', 'rest', 'substitute']","https://raw.githubusercontent.com/PokeAPI/sprites/master/sprites/pokemon/78.png"
"slowpoke","Es faulenzt am Wasser. Wenn es in den Schweif gebissen wird, bemerkt es das erst am nächsten Tag.","90","65","65","40","40","15","water","psychic","360","12","['pay-day', 'headbutt', 'body-slam', 'take-down', 'double-edge', 'growl', 'disable', 'water-gun', 'surf', 'ice-beam', 'blizzard', 'bubble-beam', 'strength', 'thunder-wave', 'earthquake', 'fissure', 'dig', 'toxic', 'confusion', 'psychic', 'rage', 'teleport', 'mimic', 'double-team', 'reflect', 'bide', 'fire-blast', 'swift', 'skull-bash', 'amnesia', 'flash', 'psywave', 'rest', 'tri-attack', 'substitute']","https://raw.githubusercontent.com/PokeAPI/sprites/master/sprites/pokemon/79.png"
"slowbro","The SHELLDER that is latched onto SLOWPOKE's tailis said to feed on the host's left over scraps.","95","75","110","100","80","30","water","psychic","785","16","['mega-punch', 'pay-day', 'mega-kick', 'headbutt', 'body-slam', 'take-down', 'double-edge', 'growl', 'disable', 'water-gun', 'surf', 'ice-beam', 'blizzard', 'bubble-beam', 'hyper-beam', 'submission', 'counter', 'seismic-toss', 'strength', 'thunder-wave', 'earthquake', 'fissure', 'dig', 'toxic', 'confusion', 'psychic', 'rage', 'teleport', 'mimic', 'double-team', 'withdraw', 'reflect', 'bide', 'fire-blast', 'swift', 'skull-bash', 'amnesia', 'flash', 'psywave', 'rest', 'tri-attack', 'substitute']","https://raw.githubusercontent.com/PokeAPI/sprites/master/sprites/pokemon/80.png"
"magnemite","Uses anti-gravity to stay suspended. Appears withoutwarning and uses THUNDER WAVE and similar moves.","25","35","70","95","55","45","electric","steel","60","3","['tackle', 'take-down', 'double-edge', 'supersonic', 'sonic-boom', 'thunder-shock', 'thunderbolt', 'thunder-wave', 'thunder', 'toxic', 'rage', 'teleport', 'mimic', 'screech', 'double-team', 'reflect', 'bide', 'swift', 'flash', 'rest', 'substitute']","https://raw.githubusercontent.com/PokeAPI/sprites/master/sprites/pokemon/81.png"
"magneton","Formed by several MAGNEMITEs linked together. Theyfrequently appear when sunspots flare up.","50","60","95","120","70","70","electric","steel","600","10","['tackle', 'take-down', 'double-edge', 'supersonic', 'sonic-boom', 'hyper-beam', 'thunder-shock', 'thunderbolt', 'thunder-wave', 'thunder', 'toxic', 'rage', 'teleport', 'mimic', 'screech', 'double-team', 'reflect', 'bide', 'swift', 'flash', 'rest', 'substitute']","https://raw.githubusercontent.com/PokeAPI/sprites/master/sprites/pokemon/82.png"
"farfetchd","The sprig of green onions it holds is itsweapon. It is used much like a metal sword.","52","90","55","58","62","60","normal","flying","150","8","['razor-wind', 'swords-dance', 'cut', 'whirlwind', 'fly', 'sand-attack', 'fury-attack', 'body-slam', 'take-down', 'double-edge', 'leer', 'peck', 'toxic', 'agility', 'rage', 'mimic', 'double-team', 'reflect', 'bide', 'swift', 'skull-bash', 'rest', 'slash', 'substitute']","https://raw.githubusercontent.com/PokeAPI/sprites/master/sprites/pokemon/83.png"
"doduo","A bird that makes up for its poor flying with itsfast foot speed. Leaves giant footprints.","35","85","45","35","35","75","normal","flying","392","14","['whirlwind', 'fly', 'fury-attack', 'body-slam', 'take-down', 'double-edge', 'growl', 'peck', 'drill-peck', 'toxic', 'agility', 'rage', 'mimic', 'double-team', 'reflect', 'bide', 'skull-bash', 'sky-attack', 'rest', 'tri-attack', 'substitute']","https://raw.githubusercontent.com/PokeAPI/sprites/master/sprites/pokemon/84.png"
"dodrio","Uses its three brains to execute complex plans.While two heads sleep, one head stays awake.","60","110","70","60","60","110","normal","flying","852","18","['whirlwind', 'fly', 'fury-attack', 'body-slam', 'take-down', 'double-edge', 'growl', 'hyper-beam', 'peck', 'drill-peck', 'toxic', 'agility', 'rage', 'mimic', 'double-team', 'reflect', 'bide', 'skull-bash', 'sky-attack', 'rest', 'tri-attack', 'substitute']","https://raw.githubusercontent.com/PokeAPI/sprites/master/sprites/pokemon/85.png"
"seel","The protruding horn on its head is very hard.It is used for bashing through thick ice.","65","45","55","45","70","45","water","None","900","11","['pay-day', 'headbutt', 'horn-drill', 'body-slam', 'take-down', 'double-edge', 'growl', 'water-gun', 'surf', 'ice-beam', 'blizzard', 'bubble-beam', 'aurora-beam', 'strength', 'toxic', 'rage', 'mimic', 'double-team', 'bide', 'skull-bash', 'rest', 'substitute']","https://raw.githubusercontent.com/PokeAPI/sprites/master/sprites/pokemon/86.png"
"dewgong","Stores thermal energy in its body. Swims at asteady 8 knots even in intensely cold waters.","90","70","80","70","95","70","water","ice","1200","17","['pay-day', 'headbutt', 'horn-drill', 'body-slam', 'take-down', 'double-edge', 'growl', 'water-gun', 'surf', 'ice-beam', 'blizzard', 'bubble-beam', 'aurora-beam', 'hyper-beam', 'strength', 'toxic', 'rage', 'mimic', 'double-team', 'bide', 'skull-bash', 'rest', 'substitute']","https://raw.githubusercontent.com/PokeAPI/sprites/master/sprites/pokemon/87.png"
"grimer","Appears in filthy areas. Thrives by sucking uppolluted sludge that is pumped out of factories.","80","80","50","40","50","25","poison","None","300","9","['pound', 'body-slam', 'disable', 'mega-drain', 'thunderbolt', 'thunder', 'toxic', 'rage', 'mimic', 'screech', 'double-team', 'harden', 'minimize', 'bide', 'self-destruct', 'sludge', 'fire-blast', 'poison-gas', 'acid-armor', 'explosion', 'rest', 'substitute']","https://raw.githubusercontent.com/PokeAPI/sprites/master/sprites/pokemon/88.png"
"muk","Thickly covered with a filthy, vile sludge. Itis so toxic, even its footprints contain poison.","105","105","75","65","100","50","poison","None","300","12","['pound', 'body-slam', 'disable', 'hyper-beam', 'mega-drain', 'thunderbolt', 'thunder', 'toxic', 'rage', 'mimic', 'screech', 'double-team', 'harden', 'minimize', 'bide', 'self-destruct', 'sludge', 'fire-blast', 'poison-gas', 'acid-armor', 'explosion', 'rest', 'substitute']","https://raw.githubusercontent.com/PokeAPI/sprites/master/sprites/pokemon/89.png"
"shellder","Its hard shell repels any kind of attack.It is vulnerable only when its shell is open.","30","65","100","45","25","40","water","None","40","3","['tackle', 'take-down', 'double-edge', 'leer', 'supersonic', 'water-gun', 'surf', 'ice-beam', 'blizzard', 'bubble-beam', 'aurora-beam', 'toxic', 'rage', 'teleport', 'mimic', 'double-team', 'withdraw', 'reflect', 'bide', 'self-destruct', 'clamp', 'swift', 'explosion', 'rest', 'tri-attack', 'substitute']","https://raw.githubusercontent.com/PokeAPI/sprites/master/sprites/pokemon/90.png"
"cloyster","When attacked, it launches its horns in quickvolleys. Its innards have never been seen.","50","95","180","85","45","70","water","ice","1325","15","['take-down', 'double-edge', 'supersonic', 'water-gun', 'surf', 'ice-beam', 'blizzard', 'bubble-beam', 'aurora-beam', 'hyper-beam', 'toxic', 'rage', 'teleport', 'mimic', 'double-team', 'withdraw', 'reflect', 'bide', 'self-destruct', 'clamp', 'swift', 'spike-cannon', 'explosion', 'rest', 'tri-attack', 'substitute']","https://raw.githubusercontent.com/PokeAPI/sprites/master/sprites/pokemon/91.png"
"gastly","Almost invisible, this gaseous POKéMON cloaksthe target and puts it to sleep without notice.","30","35","30","100","35","80","ghost","poison","1","13","['mega-drain', 'thunderbolt', 'thunder', 'toxic', 'psychic', 'hypnosis', 'rage', 'night-shade', 'mimic', 'double-team', 'confuse-ray', 'bide', 'self-destruct', 'lick', 'dream-eater', 'psywave', 'explosion', 'rest', 'substitute']","https://raw.githubusercontent.com/PokeAPI/sprites/master/sprites/pokemon/92.png"
"haunter","Because of its ability to slip through blockwalls, it is said to be from an­ other dimension.","45","50","45","115","55","95","ghost","poison","1","16","['mega-drain', 'thunderbolt', 'thunder', 'toxic', 'psychic', 'hypnosis', 'rage', 'night-shade', 'mimic', 'double-team', 'confuse-ray', 'bide', 'self-destruct', 'lick', 'dream-eater', 'psywave', 'explosion', 'rest', 'substitute']","https://raw.githubusercontent.com/PokeAPI/sprites/master/sprites/pokemon/93.png"
"gengar","Under a full moon, this POKéMON likes to mimicthe shadows of people and laugh at their fright.","60","65","60","130","75","110","ghost","poison","405","15","['mega-punch', 'mega-kick', 'body-slam', 'take-down', 'double-edge', 'hyper-beam', 'submission', 'counter', 'seismic-toss', 'strength', 'mega-drain', 'thunderbolt', 'thunder', 'toxic', 'psychic', 'hypnosis', 'rage', 'night-shade', 'mimic', 'double-team', 'confuse-ray', 'bide', 'metronome', 'self-destruct', 'lick', 'skull-bash', 'dream-eater', 'psywave', 'explosion', 'rest', 'substitute']","https://raw.githubusercontent.com/PokeAPI/sprites/master/sprites/pokemon/94.png"
"onix","As it grows, the stone portions of its body hardento become similar to a diamond, but colored black.","35","45","160","30","45","70","rock","ground","2100","88","['bind', 'slam', 'tackle', 'body-slam', 'take-down', 'double-edge', 'strength', 'rock-throw', 'earthquake', 'fissure', 'dig', 'toxic', 'rage', 'mimic', 'screech', 'double-team', 'harden', 'bide', 'self-destruct', 'skull-bash', 'explosion', 'rest', 'rock-slide', 'substitute']","https://raw.githubusercontent.com/PokeAPI/sprites/master/sprites/pokemon/95.png"
"drowzee","Puts enemies to sleep then eats their dreams.Occasionally gets sick from eating bad dreams.","60","48","45","43","90","42","psychic","None","324","10","['pound', 'mega-punch', 'mega-kick', 'headbutt', 'body-slam', 'take-down', 'double-edge', 'disable', 'submission', 'counter', 'seismic-toss', 'thunder-wave', 'toxic', 'confusion', 'psychic', 'hypnosis', 'meditate', 'rage', 'teleport', 'mimic', 'double-team', 'reflect', 'bide', 'metronome', 'skull-bash', 'dream-eater', 'poison-gas', 'flash', 'psywave', 'rest', 'tri-attack', 'substitute']","https://raw.githubusercontent.com/PokeAPI/sprites/master/sprites/pokemon/96.png"
"hypno","When it locks eyes with an enemy, it will use a mix ofPSI moves such as HYPNOSIS and CONFUSION.","85","73","70","73","115","67","psychic","None","756","16","['pound', 'mega-punch', 'mega-kick', 'headbutt', 'body-slam', 'take-down', 'double-edge', 'disable', 'hyper-beam', 'submission', 'counter', 'seismic-toss', 'thunder-wave', 'toxic', 'confusion', 'psychic', 'hypnosis', 'meditate', 'rage', 'teleport', 'mimic', 'double-team', 'reflect', 'bide', 'metronome', 'skull-bash', 'dream-eater', 'poison-gas', 'flash', 'psywave', 'rest', 'tri-attack', 'substitute']","https://raw.githubusercontent.com/PokeAPI/sprites/master/sprites/pokemon/97.png"
"krabby","Its pincers are not only powerful weapons, they areused for balance when walking sideways.","30","105","90","25","25","50","water","None","65","4","['vice-grip', 'guillotine', 'swords-dance', 'cut', 'stomp', 'body-slam', 'take-down', 'double-edge', 'leer', 'water-gun', 'surf', 'ice-beam', 'blizzard', 'bubble-beam', 'strength', 'toxic', 'rage', 'mimic', 'double-team', 'harden', 'bide', 'bubble', 'crabhammer', 'rest', 'substitute']","https://raw.githubusercontent.com/PokeAPI/sprites/master/sprites/pokemon/98.png"
"kingler","The large pincer has 10000 hp of crushing power.However, its huge size makes it unwieldy to use.","55","130","115","50","50","75","water","None","600","13","['vice-grip', 'guillotine', 'swords-dance', 'cut', 'stomp', 'body-slam', 'take-down', 'double-edge', 'leer', 'water-gun', 'surf', 'ice-beam', 'blizzard', 'bubble-beam', 'hyper-beam', 'strength', 'toxic', 'rage', 'mimic', 'double-team', 'harden', 'bide', 'bubble', 'crabhammer', 'rest', 'substitute']","https://raw.githubusercontent.com/PokeAPI/sprites/master/sprites/pokemon/99.png"
"voltorb","Usually found in power plants. Easily mistakenfor a POKé BALL, they have zapped many people.","40","30","50","55","55","100","electric","None","104","5","['tackle', 'take-down', 'sonic-boom', 'thunderbolt', 'thunder-wave', 'thunder', 'toxic', 'rage', 'teleport', 'mimic', 'screech', 'double-team', 'light-screen', 'reflect', 'bide', 'self-destruct', 'swift', 'flash', 'explosion', 'rest', 'substitute']","https://raw.githubusercontent.com/PokeAPI/sprites/master/sprites/pokemon/100.png"
"electrode","It stores electric energy under very high pressure.It often explodes with little or no provocation.","60","50","70","80","80","150","electric","None","666","12","['tackle', 'take-down', 'sonic-boom', 'hyper-beam', 'thunderbolt', 'thunder-wave', 'thunder', 'toxic', 'rage', 'teleport', 'mimic', 'screech', 'double-team', 'light-screen', 'reflect', 'bide', 'self-destruct', 'swift', 'skull-bash', 'flash', 'explosion', 'rest', 'substitute']","https://raw.githubusercontent.com/PokeAPI/sprites/master/sprites/pokemon/101.png"
"exeggcute","Often mistaken for eggs. When disturbed,they quickly gather and attack in swarms.","60","40","80","60","45","40","grass","psychic","25","4","['take-down', 'double-edge', 'leech-seed', 'solar-beam', 'poison-powder', 'stun-spore', 'sleep-powder', 'toxic', 'psychic', 'hypnosis', 'rage', 'teleport', 'mimic', 'double-team', 'reflect', 'bide', 'self-destruct', 'egg-bomb', 'barrage', 'psywave', 'explosion', 'rest', 'substitute']","https://raw.githubusercontent.com/PokeAPI/sprites/master/sprites/pokemon/102.png"
"exeggutor","Legend has it that on rare occasions, one of its headswill drop off and continue on as an EXEGGCUTE.","95","95","85","125","75","55","grass","psychic","1200","20","['stomp', 'take-down', 'double-edge', 'hyper-beam', 'strength', 'mega-drain', 'solar-beam', 'toxic', 'psychic', 'hypnosis', 'rage', 'teleport', 'mimic', 'double-team', 'reflect', 'bide', 'self-destruct', 'egg-bomb', 'barrage', 'psywave', 'explosion', 'rest', 'substitute']","https://raw.githubusercontent.com/PokeAPI/sprites/master/sprites/pokemon/103.png"
"cubone","Because it never removes its skull helmet, no onehas ever seen this POKéMON's real face.","50","50","95","40","50","35","ground","None","65","4","['mega-punch', 'mega-kick', 'body-slam', 'take-down', 'thrash', 'double-edge', 'leer', 'growl', 'water-gun', 'ice-beam', 'blizzard', 'bubble-beam', 'submission', 'counter', 'seismic-toss', 'strength', 'earthquake', 'fissure', 'dig', 'toxic', 'rage', 'mimic', 'double-team', 'focus-energy', 'bide', 'bone-club', 'fire-blast', 'skull-bash', 'bonemerang', 'rest', 'substitute']","https://raw.githubusercontent.com/PokeAPI/sprites/master/sprites/pokemon/104.png"
"marowak","The bone it holds is its key weapon. It throws thebone skillfully like a boomerang to KO targets.","60","80","110","50","80","45","ground","None","450","10","['mega-punch', 'mega-kick', 'body-slam', 'take-down', 'thrash', 'double-edge', 'leer', 'growl', 'water-gun', 'ice-beam', 'blizzard', 'bubble-beam', 'hyper-beam', 'submission', 'counter', 'seismic-toss', 'strength', 'earthquake', 'fissure', 'dig', 'toxic', 'rage', 'mimic', 'double-team', 'focus-energy', 'bide', 'bone-club', 'fire-blast', 'skull-bash', 'bonemerang', 'rest', 'substitute']","https://raw.githubusercontent.com/PokeAPI/sprites/master/sprites/pokemon/105.png"
"hitmonlee","When in a hurry, its legs lengthen progressively.It runs smoothly with extra long, loping strides.","50","120","53","35","110","87","fighting","None","498","15","['mega-punch', 'double-kick', 'mega-kick', 'jump-kick', 'rolling-kick', 'body-slam', 'take-down', 'double-edge', 'submission', 'counter', 'seismic-toss', 'strength', 'toxic', 'meditate', 'rage', 'mimic', 'double-team', 'focus-energy', 'bide', 'metronome', 'swift', 'skull-bash', 'high-jump-kick', 'rest', 'substitute']","https://raw.githubusercontent.com/PokeAPI/sprites/master/sprites/pokemon/106.png"
"hitmonchan","While apparently doing nothing, it fires punches inlightning fast volleys that are impossible to see.","50","105","79","35","110","76","fighting","None","502","14","['comet-punch', 'mega-punch', 'fire-punch', 'ice-punch', 'thunder-punch', 'mega-kick', 'body-slam', 'take-down', 'double-edge', 'submission', 'counter', 'seismic-toss', 'strength', 'toxic', 'agility', 'rage', 'mimic', 'double-team', 'bide', 'metronome', 'swift', 'skull-bash', 'rest', 'substitute']","https://raw.githubusercontent.com/PokeAPI/sprites/master/sprites/pokemon/107.png"
"lickitung","Its tongue can be extended like a chameleon's. Itleaves a tingling sensation when it licks enemies.","90","55","75","60","75","30","normal","None","655","12","['mega-punch', 'swords-dance', 'cut', 'slam', 'stomp', 'mega-kick', 'body-slam', 'wrap', 'take-down', 'double-edge', 'supersonic', 'disable', 'water-gun', 'surf', 'ice-beam', 'blizzard', 'bubble-beam', 'hyper-beam', 'submission', 'counter', 'seismic-toss', 'strength', 'thunderbolt', 'thunder', 'earthquake', 'fissure', 'toxic', 'rage', 'mimic', 'screech', 'double-team', 'defense-curl', 'bide', 'fire-blast', 'skull-bash', 'rest', 'substitute']","https://raw.githubusercontent.com/PokeAPI/sprites/master/sprites/pokemon/108.png"
"koffing","Because it stores several kinds of toxic gases inits body, it is prone to exploding without warning.","40","65","95","60","45","35","poison","None","10","6","['tackle', 'thunderbolt', 'thunder', 'toxic', 'rage', 'mimic', 'double-team', 'smokescreen', 'haze', 'bide', 'self-destruct', 'smog', 'sludge', 'fire-blast', 'explosion', 'rest', 'substitute']","https://raw.githubusercontent.com/PokeAPI/sprites/master/sprites/pokemon/109.png"
"weezing","Where two kinds of poison gases meet, 2 KOFFINGscan fuse into a WEEZING over many years.","65","90","120","85","70","60","poison","None","95","12","['tackle', 'hyper-beam', 'thunderbolt', 'thunder', 'toxic', 'rage', 'mimic', 'double-team', 'smokescreen', 'haze', 'bide', 'self-destruct', 'smog', 'sludge', 'fire-blast', 'explosion', 'rest', 'substitute']","https://raw.githubusercontent.com/PokeAPI/sprites/master/sprites/pokemon/110.png"
"rhyhorn","Its massive bones are 1000 times harder than humanbones. It can easily knock a trailer flying.","80","85","95","30","30","25","ground","rock","1150","10","['stomp', 'horn-attack', 'fury-attack', 'horn-drill', 'body-slam', 'take-down', 'double-edge', 'tail-whip', 'leer', 'strength', 'thunderbolt', 'thunder', 'earthquake', 'fissure', 'dig', 'toxic', 'rage', 'mimic', 'double-team', 'bide', 'fire-blast', 'skull-bash', 'rest', 'rock-slide', 'substitute']","https://raw.githubusercontent.com/PokeAPI/sprites/master/sprites/pokemon/111.png"
"rhydon","Protected by an armor-like hide, it is capable ofliving in molten lava of 3,600 degrees.","105","130","120","45","45","40","ground","rock","1200","19","['mega-punch', 'pay-day', 'stomp', 'mega-kick', 'horn-attack', 'fury-attack', 'horn-drill', 'body-slam', 'take-down', 'double-edge', 'tail-whip', 'leer', 'water-gun', 'surf', 'ice-beam', 'blizzard', 'bubble-beam', 'hyper-beam', 'submission', 'counter', 'seismic-toss', 'strength', 'thunderbolt', 'thunder', 'earthquake', 'fissure', 'dig', 'toxic', 'rage', 'mimic', 'double-team', 'bide', 'fire-blast', 'skull-bash', 'rest', 'rock-slide', 'substitute']","https://raw.githubusercontent.com/PokeAPI/sprites/master/sprites/pokemon/112.png"
"chansey","A rare and elusive POKéMON that is said to bringhappiness to those who manage to get it.","250","5","5","35","105","50","normal","None","346","11","['pound', 'double-slap', 'mega-punch', 'mega-kick', 'body-slam', 'take-down', 'double-edge', 'growl', 'sing', 'water-gun', 'ice-beam', 'blizzard', 'bubble-beam', 'hyper-beam', 'submission', 'counter', 'seismic-toss', 'strength', 'solar-beam', 'thunderbolt', 'thunder-wave', 'thunder', 'toxic', 'psychic', 'rage', 'teleport', 'mimic', 'double-team', 'minimize', 'defense-curl', 'light-screen', 'reflect', 'bide', 'metronome', 'egg-bomb', 'fire-blast', 'skull-bash', 'soft-boiled', 'flash', 'psywave', 'rest', 'tri-attack', 'substitute']","https://raw.githubusercontent.com/PokeAPI/sprites/master/sprites/pokemon/113.png"
"tangela","The whole body is swathed with wide vines that aresimilar to sea­ weed. Its vines shake as it walks.","65","55","115","100","40","60","grass","None","350","10","['swords-dance', 'cut', 'bind', 'slam', 'body-slam', 'take-down', 'double-edge', 'hyper-beam', 'absorb', 'mega-drain', 'growth', 'solar-beam', 'poison-powder', 'stun-spore', 'sleep-powder', 'toxic', 'rage', 'mimic', 'double-team', 'bide', 'skull-bash', 'constrict', 'rest', 'substitute']","https://raw.githubusercontent.com/PokeAPI/sprites/master/sprites/pokemon/114.png"
"kangaskhan","The infant rarely ventures out of its mother'sprotective pouch until it is 3 years old.","105","95","80","40","80","90","normal","None","800","22","['comet-punch', 'mega-punch', 'mega-kick', 'body-slam', 'take-down', 'double-edge', 'tail-whip', 'leer', 'bite', 'water-gun', 'surf', 'ice-beam', 'blizzard', 'bubble-beam', 'hyper-beam', 'submission', 'counter', 'seismic-toss', 'strength', 'thunderbolt', 'thunder', 'earthquake', 'fissure', 'toxic', 'rage', 'mimic', 'double-team', 'bide', 'fire-blast', 'skull-bash', 'dizzy-punch', 'rest', 'rock-slide', 'substitute']","https://raw.githubusercontent.com/PokeAPI/sprites/master/sprites/pokemon/115.png"
"horsea","Known to shoot down flying bugs with precisionblasts of ink from the surface of the water.","30","40","70","70","25","60","water","None","80","4","['take-down', 'double-edge', 'leer', 'water-gun', 'hydro-pump', 'surf', 'ice-beam', 'blizzard', 'bubble-beam', 'toxic', 'agility', 'rage', 'mimic', 'double-team', 'smokescreen', 'bide', 'swift', 'skull-bash', 'bubble', 'rest', 'substitute']","https://raw.githubusercontent.com/PokeAPI/sprites/master/sprites/pokemon/116.png"
"seadra","Capable of swim­ ming backwards by rapidly flappingits wing-like pectoral fins and stout tail.","55","65","95","95","45","85","water","None","250","12","['take-down', 'double-edge', 'leer', 'water-gun', 'hydro-pump', 'surf', 'ice-beam', 'blizzard', 'bubble-beam', 'hyper-beam', 'toxic', 'agility', 'rage', 'mimic', 'double-team', 'smokescreen', 'bide', 'swift', 'skull-bash', 'bubble', 'rest', 'substitute']","https://raw.githubusercontent.com/PokeAPI/sprites/master/sprites/pokemon/117.png"
"goldeen","Its tail fin billows like an elegant ballroomdress, giving it the nickname of the Water Queen.","45","67","60","35","50","63","water","None","150","6","['horn-attack', 'fury-attack', 'horn-drill', 'take-down', 'double-edge', 'tail-whip', 'supersonic', 'water-gun', 'surf', 'ice-beam', 'blizzard', 'bubble-beam', 'peck', 'toxic', 'agility', 'rage', 'mimic', 'double-team', 'bide', 'waterfall', 'swift', 'skull-bash', 'rest', 'substitute']","https://raw.githubusercontent.com/PokeAPI/sprites/master/sprites/pokemon/118.png"
"seaking","In the autumn spawning season, they can be seenswimming power­ fully up rivers and creeks.","80","92","65","65","80","68","water","None","390","13","['horn-attack', 'fury-attack', 'horn-drill', 'take-down', 'double-edge', 'tail-whip', 'supersonic', 'water-gun', 'surf', 'ice-beam', 'blizzard', 'bubble-beam', 'hyper-beam', 'peck', 'toxic', 'agility', 'rage', 'mimic', 'double-team', 'bide', 'waterfall', 'swift', 'skull-bash', 'rest', 'substitute']","https://raw.githubusercontent.com/PokeAPI/sprites/master/sprites/pokemon/119.png"
"staryu","An enigmatic POKéMON that can effortlesslyregenerate any appendage it loses in battle.","30","45","55","70","55","85","water","None","345","8","['tackle', 'take-down', 'double-edge', 'water-gun', 'hydro-pump', 'surf', 'ice-beam', 'blizzard', 'bubble-beam', 'thunderbolt', 'thunder-wave', 'thunder', 'toxic', 'psychic', 'rage', 'teleport', 'mimic', 'double-team', 'recover', 'harden', 'minimize', 'light-screen', 'reflect', 'bide', 'swift', 'skull-bash', 'flash', 'psywave', 'rest', 'tri-attack', 'substitute']","https://raw.githubusercontent.com/PokeAPI/sprites/master/sprites/pokemon/120.png"
"starmie","Its central core glows with the seven colors ofthe rainbow. Some people value the core as a gem.","60","75","85","100","85","115","water","psychic","800","11","['tackle', 'take-down', 'double-edge', 'water-gun', 'surf', 'ice-beam', 'blizzard', 'bubble-beam', 'hyper-beam', 'thunderbolt', 'thunder-wave', 'thunder', 'toxic', 'psychic', 'rage', 'teleport', 'mimic', 'double-team', 'harden', 'reflect', 'bide', 'swift', 'skull-bash', 'flash', 'psywave', 'rest', 'tri-attack', 'substitute']","https://raw.githubusercontent.com/PokeAPI/sprites/master/sprites/pokemon/121.png"
"mr-mime","If interrupted while it is miming, it willslap around the offender with its broad hands.","40","45","65","100","120","90","psychic","fairy","545","13","['double-slap', 'mega-punch', 'mega-kick', 'body-slam', 'take-down', 'double-edge', 'hyper-beam', 'submission', 'counter', 'seismic-toss', 'solar-beam', 'thunderbolt', 'thunder-wave', 'thunder', 'toxic', 'confusion', 'psychic', 'meditate', 'rage', 'teleport', 'mimic', 'double-team', 'barrier', 'light-screen', 'reflect', 'bide', 'metronome', 'skull-bash', 'flash', 'psywave', 'rest', 'substitute']","https://raw.githubusercontent.com/PokeAPI/sprites/master/sprites/pokemon/122.png"
"scyther","With ninja-like agility and speed, it can create theillusion that there is more than one.","70","110","80","55","80","105","bug","flying","560","15","['swords-dance', 'cut', 'take-down', 'double-edge', 'leer', 'hyper-beam', 'toxic', 'agility', 'quick-attack', 'rage', 'mimic', 'double-team', 'focus-energy', 'bide', 'swift', 'skull-bash', 'rest', 'slash', 'substitute']","https://raw.githubusercontent.com/PokeAPI/sprites/master/sprites/pokemon/123.png"
"jynx","It seductively wiggles its hips as it walks. Itcan cause people to dance in unison with it.","65","50","35","115","95","95","ice","psychic","406","14","['pound', 'double-slap', 'mega-punch', 'ice-punch', 'mega-kick', 'body-slam', 'take-down', 'thrash', 'double-edge', 'water-gun', 'ice-beam', 'blizzard', 'bubble-beam', 'hyper-beam', 'submission', 'counter', 'seismic-toss', 'toxic', 'psychic', 'rage', 'teleport', 'mimic', 'double-team', 'reflect', 'bide', 'metronome', 'lick', 'skull-bash', 'lovely-kiss', 'psywave', 'rest', 'substitute']","https://raw.githubusercontent.com/PokeAPI/sprites/master/sprites/pokemon/124.png"
"electabuzz","Normally found near power plants, they can wanderaway and cause major blackouts in cities.","65","83","57","95","85","105","electric","None","300","11","['mega-punch', 'thunder-punch', 'mega-kick', 'body-slam', 'take-down', 'double-edge', 'leer', 'hyper-beam', 'submission', 'counter', 'seismic-toss', 'strength', 'thunder-shock', 'thunderbolt', 'thunder-wave', 'thunder', 'toxic', 'psychic', 'quick-attack', 'rage', 'teleport', 'mimic', 'screech', 'double-team', 'light-screen', 'reflect', 'bide', 'metronome', 'swift', 'skull-bash', 'flash', 'psywave', 'rest', 'substitute']","https://raw.githubusercontent.com/PokeAPI/sprites/master/sprites/pokemon/125.png"
"magmar","Its body always burns with an orange glow thatenables it to hide perfectly among flames.","65","95","57","100","85","93","fire","None","445","13","['mega-punch', 'fire-punch', 'mega-kick', 'body-slam', 'take-down', 'double-edge', 'leer', 'ember', 'flamethrower', 'hyper-beam', 'submission', 'counter', 'seismic-toss', 'strength', 'toxic', 'psychic', 'rage', 'teleport', 'mimic', 'double-team', 'smokescreen', 'confuse-ray', 'bide', 'metronome', 'smog', 'fire-blast', 'skull-bash', 'psywave', 'rest', 'substitute']","https://raw.githubusercontent.com/PokeAPI/sprites/master/sprites/pokemon/126.png"
"pinsir","If it fails to crush the victim in its pincers,it will swing it around and toss it hard.","65","125","100","55","70","85","bug","None","550","15","['vice-grip', 'guillotine', 'swords-dance', 'cut', 'body-slam', 'take-down', 'double-edge', 'hyper-beam', 'submission', 'seismic-toss', 'strength', 'toxic', 'rage', 'mimic', 'double-team', 'harden', 'focus-energy', 'bide', 'rest', 'slash', 'substitute']","https://raw.githubusercontent.com/PokeAPI/sprites/master/sprites/pokemon/127.png"
"tauros","When it targets an enemy, it charges furiouslywhile whipping its body with its long tails.","75","100","95","40","70","110","normal","None","884","14","['stomp', 'horn-drill', 'tackle', 'body-slam', 'take-down', 'double-edge', 'tail-whip', 'leer', 'ice-beam', 'blizzard', 'hyper-beam', 'strength', 'thunderbolt', 'thunder', 'earthquake', 'fissure', 'toxic', 'rage', 'mimic', 'double-team', 'bide', 'fire-blast', 'skull-bash', 'rest', 'substitute']","https://raw.githubusercontent.com/PokeAPI/sprites/master/sprites/pokemon/128.png"
"magikarp","In the distant past, it was somewhat strongerthan the horribly weak descendants that exist today.","20","10","55","15","20","80","water","None","100","9","['tackle', 'splash']","https://raw.githubusercontent.com/PokeAPI/sprites/master/sprites/pokemon/129.png"
"gyarados","They say that during past strife, GYARADOS would appear and leave blazing ruins in its wake.","95","125","79","60","100","81","water","flying","2350","65","['body-slam', 'take-down', 'double-edge', 'leer', 'bite', 'water-gun', 'hydro-pump', 'surf', 'ice-beam', 'blizzard', 'bubble-beam', 'hyper-beam', 'strength', 'dragon-rage', 'thunderbolt', 'thunder', 'toxic', 'rage', 'mimic', 'double-team', 'reflect', 'bide', 'fire-blast', 'skull-bash', 'rest', 'substitute']","https://raw.githubusercontent.com/PokeAPI/sprites/master/sprites/pokemon/130.png"
"lapras","A POKéMON that has been over­ hunted almost toextinction. It can ferry people across the water.","130","85","80","85","95","60","water","ice","2200","25","['horn-drill', 'body-slam', 'take-down', 'double-edge', 'growl', 'sing', 'mist', 'water-gun', 'hydro-pump', 'surf', 'ice-beam', 'blizzard', 'bubble-beam', 'hyper-beam', 'strength', 'solar-beam', 'dragon-rage', 'thunderbolt', 'thunder', 'toxic', 'psychic', 'rage', 'mimic', 'double-team', 'confuse-ray', 'reflect', 'bide', 'skull-bash', 'psywave', 'rest', 'substitute']","https://raw.githubusercontent.com/PokeAPI/sprites/master/sprites/pokemon/131.png"
"ditto","Capable of copying an enemy's genetic code to instantlytransform itself into a duplicate of the enemy.","48","48","48","48","48","48","normal","None","40","3","['transform']","https://raw.githubusercontent.com/PokeAPI/sprites/master/sprites/pokemon/132.png"
"eevee","Its genetic code is irregular. It may mutate ifit is exposed to radiation from element STONEs.","55","55","50","45","65","55","normal","None","65","3","['sand-attack', 'tackle', 'body-slam', 'take-down', 'double-edge', 'tail-whip', 'bite', 'toxic', 'quick-attack', 'rage', 'mimic', 'double-team', 'reflect', 'bide', 'swift', 'skull-bash', 'rest', 'substitute']","https://raw.githubusercontent.com/PokeAPI/sprites/master/sprites/pokemon/133.png"
"vaporeon","Lives close to water. Its long tail is ridgedwith a fin which is often mistaken for a mermaid's.","130","65","60","110","95","65","water","None","290","10","['sand-attack', 'tackle', 'body-slam', 'take-down', 'double-edge', 'tail-whip', 'bite', 'mist', 'water-gun', 'hydro-pump', 'surf', 'ice-beam', 'blizzard', 'bubble-beam', 'hyper-beam', 'toxic', 'quick-attack', 'rage', 'mimic', 'double-team', 'haze', 'reflect', 'bide', 'swift', 'skull-bash', 'acid-armor', 'rest', 'substitute']","https://raw.githubusercontent.com/PokeAPI/sprites/master/sprites/pokemon/134.png"
"jolteon","It accumulates negative ions in the atmosphere toblast out 10000- volt lightning bolts.","65","65","60","110","95","130","electric","None","245","8","['double-kick', 'sand-attack', 'tackle', 'body-slam', 'take-down', 'double-edge', 'tail-whip', 'pin-missile', 'hyper-beam', 'thunder-shock', 'thunderbolt', 'thunder-wave', 'thunder', 'toxic', 'agility', 'quick-attack', 'rage', 'mimic', 'double-team', 'reflect', 'bide', 'swift', 'skull-bash', 'flash', 'rest', 'substitute']","https://raw.githubusercontent.com/PokeAPI/sprites/master/sprites/pokemon/135.png"
"flareon","When storing thermal energy in its body, itstemperature could soar to over 1600 degrees.","65","130","60","95","110","65","fire","None","250","9","['sand-attack', 'tackle', 'body-slam', 'take-down', 'double-edge', 'tail-whip', 'leer', 'bite', 'ember', 'flamethrower', 'hyper-beam', 'fire-spin', 'toxic', 'quick-attack', 'rage', 'mimic', 'double-team', 'reflect', 'bide', 'fire-blast', 'swift', 'skull-bash', 'rest', 'substitute']","https://raw.githubusercontent.com/PokeAPI/sprites/master/sprites/pokemon/136.png"
"porygon","A POKéMON that consists entirely of programmingcode. Capable of moving freely in cyberspace.","65","60","70","85","75","40","normal","None","365","8","['tackle', 'take-down', 'double-edge', 'ice-beam', 'blizzard', 'psybeam', 'hyper-beam', 'thunderbolt', 'thunder-wave', 'thunder', 'toxic', 'psychic', 'agility', 'rage', 'teleport', 'mimic', 'double-team', 'recover', 'reflect', 'bide', 'swift', 'skull-bash', 'flash', 'psywave', 'rest', 'sharpen', 'conversion', 'tri-attack', 'substitute']","https://raw.githubusercontent.com/PokeAPI/sprites/master/sprites/pokemon/137.png"
"omanyte","Although long extinct, in rare cases, it can begenetically resurrected from fossils.","35","40","100","90","55","35","rock","water","75","4","['horn-attack', 'body-slam', 'take-down', 'double-edge', 'leer', 'water-gun', 'hydro-pump', 'surf', 'ice-beam', 'blizzard', 'bubble-beam', 'toxic', 'rage', 'mimic', 'double-team', 'withdraw', 'reflect', 'bide', 'spike-cannon', 'rest', 'substitute']","https://raw.githubusercontent.com/PokeAPI/sprites/master/sprites/pokemon/138.png"
"omastar","A prehistoric POKéMON that died out when itsheavy shell made it impossible to catch prey.","70","60","125","115","70","55","rock","water","350","10","['horn-attack', 'horn-drill', 'body-slam', 'take-down', 'double-edge', 'leer', 'water-gun', 'hydro-pump', 'surf', 'ice-beam', 'blizzard', 'bubble-beam', 'hyper-beam', 'submission', 'seismic-toss', 'toxic', 'rage', 'mimic', 'double-team', 'withdraw', 'reflect', 'bide', 'skull-bash', 'spike-cannon', 'rest', 'substitute']","https://raw.githubusercontent.com/PokeAPI/sprites/master/sprites/pokemon/139.png"
"kabuto","A POKéMON that was resurrected from a fossilfound in what was once the ocean floor eons ago.","30","80","90","55","45","55","rock","water","115","5","['scratch', 'body-slam', 'take-down', 'double-edge', 'leer', 'water-gun', 'hydro-pump', 'surf', 'ice-beam', 'blizzard', 'bubble-beam', 'absorb', 'toxic', 'rage', 'mimic', 'double-team', 'harden', 'reflect', 'bide', 'rest', 'slash', 'substitute']","https://raw.githubusercontent.com/PokeAPI/sprites/master/sprites/pokemon/140.png"
"kabutops","Its sleek shape is perfect for swim­ ming. It slashesprey with its claws and drains the body fluids.","60","115","105","65","70","80","rock","water","405","13","['scratch', 'razor-wind', 'swords-dance', 'mega-kick', 'body-slam', 'take-down', 'double-edge', 'leer', 'water-gun', 'hydro-pump', 'surf', 'ice-beam', 'blizzard', 'bubble-beam', 'hyper-beam', 'submission', 'seismic-toss', 'absorb', 'toxic', 'rage', 'mimic', 'double-team', 'harden', 'reflect', 'bide', 'skull-bash', 'rest', 'slash', 'substitute']","https://raw.githubusercontent.com/PokeAPI/sprites/master/sprites/pokemon/141.png"
"aerodactyl","A ferocious, pre­ historic POKéMON that goes for theenemy's throat with its serrated saw-like fangs.","80","105","65","60","75","130","rock","flying","590","18","['razor-wind', 'wing-attack', 'whirlwind', 'fly', 'take-down', 'double-edge', 'bite', 'supersonic', 'hyper-beam', 'dragon-rage', 'toxic', 'agility', 'rage', 'mimic', 'double-team', 'reflect', 'bide', 'fire-blast', 'swift', 'sky-attack', 'rest', 'substitute']","https://raw.githubusercontent.com/PokeAPI/sprites/master/sprites/pokemon/142.png"
"snorlax","Very lazy. Just eats and sleeps. As its rotundbulk builds, it becomes steadily more slothful.","160","110","65","65","110","30","normal","None","4600","21","['mega-punch', 'pay-day', 'mega-kick', 'headbutt', 'body-slam', 'take-down', 'double-edge', 'water-gun', 'surf', 'ice-beam', 'blizzard', 'bubble-beam', 'hyper-beam', 'submission', 'counter', 'seismic-toss', 'strength', 'solar-beam', 'thunderbolt', 'thunder', 'earthquake', 'fissure', 'toxic', 'psychic', 'rage', 'mimic', 'double-team', 'harden', 'reflect', 'bide', 'metronome', 'self-destruct', 'fire-blast', 'skull-bash', 'amnesia', 'psywave', 'rest', 'rock-slide', 'substitute']","https://raw.githubusercontent.com/PokeAPI/sprites/master/sprites/pokemon/143.png"
"articuno","A legendary bird POKéMON that is said to appear todoomed people who are lost in icy mountains.","90","85","100","95","125","85","ice","flying","554","17","['razor-wind', 'whirlwind', 'fly', 'take-down', 'double-edge', 'mist', 'water-gun', 'ice-beam', 'blizzard', 'bubble-beam', 'hyper-beam', 'peck', 'toxic', 'agility', 'rage', 'mimic', 'double-team', 'reflect', 'bide', 'swift', 'sky-attack', 'rest', 'substitute']","https://raw.githubusercontent.com/PokeAPI/sprites/master/sprites/pokemon/144.png"
"zapdos","A legendary bird POKéMON that is said to appearfrom clouds while dropping enormous lightning bolts.","90","90","85","125","90","100","electric","flying","526","16","['razor-wind', 'whirlwind', 'fly', 'take-down', 'double-edge', 'hyper-beam', 'drill-peck', 'thunder-shock', 'thunderbolt', 'thunder-wave', 'thunder', 'toxic', 'agility', 'rage', 'mimic', 'double-team', 'light-screen', 'reflect', 'bide', 'swift', 'sky-attack', 'flash', 'rest', 'substitute']","https://raw.githubusercontent.com/PokeAPI/sprites/master/sprites/pokemon/145.png"
"moltres","Known as the legendary bird of fire. Every flapof its wings creates a dazzling flash of flames.","90","100","90","125","85","90","fire","flying","600","20","['razor-wind', 'whirlwind', 'fly', 'take-down', 'double-edge', 'leer', 'hyper-beam', 'peck', 'fire-spin', 'toxic', 'agility', 'rage', 'mimic', 'double-team', 'reflect', 'bide', 'fire-blast', 'swift', 'sky-attack', 'rest', 'substitute']","https://raw.githubusercontent.com/PokeAPI/sprites/master/sprites/pokemon/146.png"
"dratini","Long considered a mythical POKéMON until recentlywhen a small colony was found living underwater.","41","64","45","50","50","50","dragon","None","33","18","['slam', 'body-slam', 'wrap', 'take-down', 'double-edge', 'leer', 'water-gun', 'surf', 'ice-beam', 'blizzard', 'bubble-beam', 'hyper-beam', 'dragon-rage', 'thunderbolt', 'thunder-wave', 'thunder', 'toxic', 'agility', 'rage', 'mimic', 'double-team', 'reflect', 'bide', 'fire-blast', 'swift', 'skull-bash', 'rest', 'substitute']","https://raw.githubusercontent.com/PokeAPI/sprites/master/sprites/pokemon/147.png"
"dragonair","A mystical POKéMON that exudes a gentle aura.Has the ability to change climate conditions.","61","84","65","70","70","70","dragon","None","165","40","['slam', 'horn-drill', 'body-slam', 'wrap', 'take-down', 'double-edge', 'leer', 'water-gun', 'surf', 'ice-beam', 'blizzard', 'bubble-beam', 'hyper-beam', 'dragon-rage', 'thunderbolt', 'thunder-wave', 'thunder', 'toxic', 'agility', 'rage', 'mimic', 'double-team', 'reflect', 'bide', 'fire-blast', 'swift', 'skull-bash', 'rest', 'substitute']","https://raw.githubusercontent.com/PokeAPI/sprites/master/sprites/pokemon/148.png"
"dragonite","An extremely rarely seen marine POKéMON.Its intelligence is said to match that of humans.","91","134","95","100","100","80","dragon","flying","2100","22","['razor-wind', 'slam', 'horn-drill', 'body-slam', 'wrap', 'take-down', 'double-edge', 'leer', 'water-gun', 'surf', 'ice-beam', 'blizzard', 'bubble-beam', 'hyper-beam', 'strength', 'dragon-rage', 'thunderbolt', 'thunder-wave', 'thunder', 'toxic', 'agility', 'rage', 'mimic', 'double-team', 'reflect', 'bide', 'fire-blast', 'swift', 'skull-bash', 'rest', 'substitute']","https://raw.githubusercontent.com/PokeAPI/sprites/master/sprites/pokemon/149.png"
"mewtwo","It was created by a scientist after years of horrificgene splicing and DNA engineering experiments.","106","110","90","154","90","130","psychic","None","1220","20","['mega-punch', 'pay-day', 'mega-kick', 'body-slam', 'take-down', 'double-edge', 'disable', 'mist', 'water-gun', 'ice-beam', 'blizzard', 'bubble-beam', 'hyper-beam', 'submission', 'counter', 'seismic-toss', 'strength', 'solar-beam', 'thunderbolt', 'thunder-wave', 'thunder', 'toxic', 'confusion', 'psychic', 'rage', 'teleport', 'mimic', 'double-team', 'recover', 'barrier', 'reflect', 'bide', 'metronome', 'self-destruct', 'fire-blast', 'swift', 'skull-bash', 'amnesia', 'flash', 'psywave', 'rest', 'tri-attack', 'substitute']","https://raw.githubusercontent.com/PokeAPI/sprites/master/sprites/pokemon/150.png"
"mew","So rare that it is still said to be a mirage bymany experts. Only a few people have seen it worldwide.","100","100","100","100","100","100","psychic","None","40","4","['pound', 'mega-punch', 'pay-day', 'razor-wind', 'swords-dance', 'cut', 'whirlwind', 'fly', 'mega-kick', 'horn-drill', 'body-slam', 'take-down', 'double-edge', 'water-gun', 'surf', 'ice-beam', 'blizzard', 'bubble-beam', 'hyper-beam', 'submission', 'counter', 'seismic-toss', 'strength', 'mega-drain', 'solar-beam', 'dragon-rage', 'thunderbolt', 'thunder-wave', 'thunder', 'earthquake', 'fissure', 'dig', 'toxic', 'psychic', 'rage', 'teleport', 'mimic', 'double-team', 'reflect', 'bide', 'metronome', 'self-destruct', 'egg-bomb', 'fire-blast', 'swift', 'skull-bash', 'soft-boiled', 'dream-eater', 'sky-attack', 'transform', 'flash', 'psywave', 'explosion', 'rest', 'rock-slide', 'tri-attack', 'substitute']","https://raw.githubusercontent.com/PokeAPI/sprites/master/sprites/pokemon/151.png"
